Тикер,ISIN,Рынок,Операция,Количество,Цена,Валюта,Сумма,P/L по закрытым сделкам,Комиссия,Валюта комиссии,Дата сделки,Расчеты,Id/OrderId,Stamp Tax,SMAT,Order ID,Курс,Сумма в руб,Комиссия брокера руб,Итог в руб
+FRHC.15MAR2024.P80,-,OTC,Продажа,13,4.03,USD,5239.0,0.0,0.0,USD,2024-02-29 17:05:26,2024-02-29,375355757/342021042,,0,,91.8692,481302.74,0.00,481302.74
+FRHC.15MAR2024.P80,-,NYSE/NASDAQ,Покупка,13,0.0,USD,0.0,5239.0,0.0,USD,2024-03-15 21:59:59,2024-03-18,379663809/345353009,,0,,91.87,0.00,0.00,0.00
FRHC.US,US3563901046,NYSE/NASDAQ,Покупка,1300,80.0,USD,104000.0,0.0,520.0,USD,2024-03-15 22:59:59,2024-03-19,379697946/345417025,,0,,91.9829,-9566221.60,47831.11,-9614052.71
CELH.US,US15118V2079,NYSE/NASDAQ,Продажа,100,90.4,USD,9040.0,3230.0,45.2,USD,2024-03-18 16:43:31,2024-03-20,379730703/345453290,,1,,92.2243,833707.67,4168.54,829539.13
DIS.US,US2546871060,NYSE/NASDAQ,Продажа,25,113.5,USD,2837.5,153.75,14.19,USD,2024-03-18 16:50:13,2024-03-20,379732350/345454904,,1,,92.2243,261686.45,1308.66,260377.79
SPY.US,US78462F1030,NYSE/NASDAQ,Покупка,88,499.268,USD,43935.58,0.0,219.68,USD,2024-04-19 15:35:56,2024-04-23,388559296/352232958,,1,,93.2519,-4097076.31,20485.58,-4117561.89
FNGU.US,US0636795348,NYSE/NASDAQ,Покупка,156,280.19,USD,43709.64,0.0,218.55,USD,2024-04-19 15:35:55,2024-04-23,388559275/352232949,,1,,93.2519,-4076006.98,20380.20,-4096387.18
TQQQ.US,US74347X8314,NYSE/NASDAQ,Покупка,842,52.015,USD,43796.63,0.0,218.98,USD,2024-04-19 15:35:57,2024-04-23,388559307/352232966,,1,,93.2519,-4084118.96,20420.30,-4104539.26
FNGU.US,US0636795348,NYSE/NASDAQ,Продажа,156,294.54,USD,45948.24,2238.6,229.74,USD,2024-04-24 16:06:20,2024-04-26,389938886/353233991,,1,,92.1314,4233275.68,21166.27,4212109.41
SPY.US,US78462F1030,NYSE/NASDAQ,Продажа,88,506.022,USD,44529.94,594.35,222.65,USD,2024-04-24 16:15:27,2024-04-26,389942502/353238840,,1,,92.1314,4102605.71,20513.06,4082092.65
TQQQ.US,US74347X8314,NYSE/NASDAQ,Продажа,842,54.27,USD,45695.34,1898.71,228.48,USD,2024-04-24 16:14:36,2024-04-26,389942291/353238495,,1,,92.1314,4209975.65,21050.18,4188925.47
+BOIL.28JUN2024.C21,-,NYSE/NASDAQ,Покупка,1,1.01,USD,101.0,0.0,13.0,USD,2024-06-18 16:49:27,2024-06-20,407650936/365734459,,1,,82.6282,-8345.45,1074.17,-9419.62
+BOIL.28JUN2024.C21,-,NYSE/NASDAQ,Покупка,1,1.01,USD,101.0,0.0,3.0,USD,2024-06-18 16:49:27,2024-06-20,407650937/365734459,,1,,82.6282,-8345.45,247.88,-8593.33
+BOIL.28JUN2024.C21,-,NYSE/NASDAQ,Покупка,1,1.01,USD,101.0,0.0,3.0,USD,2024-06-18 16:49:27,2024-06-20,407650942/365734459,,1,,82.6282,-8345.45,247.88,-8593.33
NKE.US,US6541061031,NYSE/NASDAQ,Покупка,20,76.0092,USD,1520.18,0.0,7.6,USD,2024-06-28 17:39:36,2024-07-01,411005385/368143872,,1,,85.748,-130352.39,651.68,-131004.07
+BOIL.28JUN2024.C21,-,NYSE/NASDAQ,Продажа,3,0.0,USD,0.0,-303.0,0.0,USD,2024-06-28 21:59:59,2024-07-01,411455651/368392389,,0,,85.748,0.00,0.00,0.00
+NKE.12JUL2024.C82,-,NYSE/NASDAQ,Покупка,10,0.2,USD,200.0,0.0,40.0,USD,2024-07-01 19:15:38,2024-07-02,411530082/368533511,,1,,87.2972,-17459.44,3491.89,-20951.33
+NVDA.12JUL2024.P114,-,NYSE/NASDAQ,Покупка,3,0.25,USD,75.0,0.0,19.0,USD,2024-07-03 17:42:23,2024-07-05,412427926/369186306,,1,,88.1205,-6609.04,1674.29,-8283.33
RIVN.US,US76954A1034,NYSE/NASDAQ,Покупка,1,14.938,USD,14.94,0.0,1.2,USD,2024-07-03 17:42:23,2024-07-05,412427940/369186309,,1,,88.1205,-1316.52,105.74,-1422.26
+NVDA.12JUL2024.C138,-,NYSE/NASDAQ,Покупка,1,0.43,USD,43.0,0.0,3.0,USD,2024-07-03 17:42:22,2024-07-05,412427930/369186298,,1,,88.1205,-3789.18,264.36,-4053.54
+NVDA.12JUL2024.C138,-,NYSE/NASDAQ,Покупка,1,0.42,USD,42.0,0.0,3.0,USD,2024-07-03 17:42:22,2024-07-05,412427928/369186298,,1,,88.1205,-3701.06,264.36,-3965.42
+NVDA.12JUL2024.C138,-,NYSE/NASDAQ,Покупка,1,0.43,USD,43.0,0.0,13.0,USD,2024-07-03 17:42:22,2024-07-05,412427927/369186298,,1,,88.1205,-3789.18,1145.57,-4934.75
CRWD.US,US22788C1053,NYSE/NASDAQ,Покупка,37,387.5249,USD,14338.42,0.0,71.69,USD,2024-07-08 16:14:18,2024-07-09,413440242/369903141,,1,,88.1688,-1264201.29,6320.82,-1270522.11
CRWD.US,US22788C1053,NYSE/NASDAQ,Продажа,37,374.0653,USD,13840.42,-498.01,69.2,USD,2024-07-10 15:57:13,2024-07-11,414362047/369903146,,1,,87.8551,1215951.48,6079.57,1209871.91
TSLQ.US,US46144X1239,NYSE/NASDAQ,Покупка,150,25.645,USD,3846.75,0.0,19.23,USD,2024-07-11 21:34:36,2024-07-12,414899695/371010501,,1,,87.988,-338467.84,1692.01,-340159.85
+NVDA.12JUL2024.C138,-,NYSE/NASDAQ,Продажа,3,0.0,USD,0.0,-128.0,0.0,USD,2024-07-12 21:59:59,2024-07-15,415806280/371583343,,0,,87.7427,0.00,0.00,0.00
+NKE.12JUL2024.C82,-,NYSE/NASDAQ,Продажа,10,0.0,USD,0.0,-200.0,0.0,USD,2024-07-12 21:59:59,2024-07-15,415806321/371583384,,0,,87.7427,0.00,0.00,0.00
+NVDA.12JUL2024.P114,-,NYSE/NASDAQ,Продажа,3,0.0,USD,0.0,-75.0,0.0,USD,2024-07-12 21:59:59,2024-07-15,415806284/371583347,,0,,87.7427,0.00,0.00,0.00
COIN.US,US19260Q1076,NYSE/NASDAQ,Покупка,132,219.6939,USD,28999.59,0.0,145.0,USD,2024-07-12 18:06:13,2024-07-15,415342293/371329639,,1,,87.7427,-2544502.33,12722.69,-2557225.02
COIN.US,US19260Q1076,NYSE/NASDAQ,Продажа,132,239.0,USD,31548.0,2548.41,157.74,USD,2024-07-16 16:28:42,2024-07-17,416332924/372022990,,1,,88.2824,2785133.16,13925.67,2771207.49
FNGU.US,US0636795348,NYSE/NASDAQ,Покупка,71,462.0805,USD,32807.72,0.0,164.04,USD,2024-07-17 16:31:05,2024-07-18,416819589/372390578,,1,,88.0872,-2889940.19,14449.82,-2904390.01
SLV.US,US46428Q1094,NYSE/NASDAQ,Покупка,300,27.7,USD,8310.0,0.0,41.55,USD,2024-07-17 16:57:31,2024-07-18,416825947/372390580,,1,,88.0872,-732004.63,3660.02,-735664.65
SLV.US,US46428Q1094,NYSE/NASDAQ,Покупка,200,27.7,USD,5540.0,0.0,27.7,USD,2024-07-17 16:57:31,2024-07-18,416825943/372390580,,1,,88.0872,-488003.09,2440.02,-490443.11
AMD.US,US0079031078,NYSE/NASDAQ,Покупка,102,164.248,USD,16753.3,0.0,83.77,USD,2024-07-17 16:31:05,2024-07-18,416819558/372390574,,1,,88.0872,-1475751.29,7379.06,-1483130.35
SMCI.US,US86800U3023,NYSE/NASDAQ,Покупка,40,815.0,USD,32600.0,0.0,163.0,USD,2024-07-17 18:51:38,2024-07-18,416847110/372390581,,1,,88.0872,-2871642.72,14358.21,-2886000.93
SLV.US,US46428Q1094,NYSE/NASDAQ,Покупка,102,27.7,USD,2825.4,0.0,14.13,USD,2024-07-17 16:57:31,2024-07-18,416825928/372390580,,1,,88.0872,-248881.57,1244.67,-250126.24
AVGO.US,US11135F1012,NYSE/NASDAQ,Покупка,105,156.5,USD,16432.5,0.0,82.16,USD,2024-07-17 20:42:55,2024-07-18,416859651/372390601,,1,,88.0872,-1447492.91,7237.24,-1454730.15
MSFT.US,US5949181045,NYSE/NASDAQ,Покупка,76,440.5,USD,33478.0,0.0,167.39,USD,2024-07-17 16:50:47,2024-07-18,416824631/372390579,,1,,88.0872,-2948983.28,14744.92,-2963728.20
ARM.US,US0420682058,NYSE/NASDAQ,Покупка,100,164.85,USD,16485.0,0.0,82.43,USD,2024-07-17 16:31:06,2024-07-18,416819592/372390595,,1,,88.0872,-1452117.49,7261.03,-1459378.52
ARM.US,US0420682058,NYSE/NASDAQ,Продажа,100,157.828,USD,15782.8,-702.2,78.91,USD,2024-07-18 16:40:08,2024-07-19,417295279/372719366,,1,,87.8754,1386919.86,6934.25,1379985.61
AMD.US,US0079031078,NYSE/NASDAQ,Продажа,102,155.7711,USD,15888.65,-864.64,79.44,USD,2024-07-18 16:41:34,2024-07-19,417295820/372719358,,1,,87.8754,1396221.47,6980.82,1389240.65
CRWD.US,US22788C1053,NYSE/NASDAQ,Покупка,20,300.98,USD,6019.6,0.0,30.1,USD,2024-07-19 15:17:37,2024-07-22,417745817/373062193,,1,,88.0206,-529848.80,2649.42,-532498.22
ARM.US,US0420682058,NYSE/NASDAQ,Покупка,34,162.03,USD,5509.02,0.0,27.55,USD,2024-07-19 15:17:37,2024-07-22,417745824/373062195,,1,,88.0206,-484907.25,2424.97,-487332.22
CRWD.US,US22788C1053,NYSE/NASDAQ,Покупка,28,300.99,USD,8427.72,0.0,42.14,USD,2024-07-19 15:17:37,2024-07-22,417745810/373062193,,1,,88.0206,-741812.97,3709.19,-745522.16
AMD.US,US0079031078,NYSE/NASDAQ,Покупка,50,155.37,USD,7768.5,0.0,38.84,USD,2024-07-19 15:17:36,2024-07-22,417745795/373062192,,1,,88.0206,-683788.03,3418.72,-687206.75
AMD.US,US0079031078,NYSE/NASDAQ,Покупка,50,155.37,USD,7768.5,0.0,38.84,USD,2024-07-19 15:17:36,2024-07-22,417745798/373062192,,1,,88.0206,-683788.03,3418.72,-687206.75
AMD.US,US0079031078,NYSE/NASDAQ,Покупка,1,155.38,USD,155.38,0.0,1.2,USD,2024-07-19 15:17:36,2024-07-22,417745800/373062192,,1,,88.0206,-13676.64,105.62,-13782.26
AMD.US,US0079031078,NYSE/NASDAQ,Покупка,50,155.37,USD,7768.5,0.0,38.84,USD,2024-07-19 15:17:36,2024-07-22,417745801/373062192,,1,,88.0206,-683788.03,3418.72,-687206.75
CRWD.US,US22788C1053,NYSE/NASDAQ,Покупка,20,300.99,USD,6019.8,0.0,30.1,USD,2024-07-19 15:17:37,2024-07-22,417745814/373062193,,1,,88.0206,-529866.41,2649.42,-532515.83
ARM.US,US0420682058,NYSE/NASDAQ,Покупка,34,162.07,USD,5510.38,0.0,27.55,USD,2024-07-19 15:17:37,2024-07-22,417745811/373062195,,1,,88.0206,-485026.95,2424.97,-487451.92
SLV.US,US46428Q1094,NYSE/NASDAQ,Продажа,602,26.4138,USD,15901.11,-774.29,79.51,USD,2024-07-19 15:30:11,2024-07-22,417747660/372719362,,1,,88.0206,1399625.24,6998.52,1392626.72
ARM.US,US0420682058,NYSE/NASDAQ,Покупка,34,162.02,USD,5508.68,0.0,27.54,USD,2024-07-19 15:17:37,2024-07-22,417745820/373062195,,1,,88.0206,-484877.32,2424.09,-487301.41
ARM.US,US0420682058,NYSE/NASDAQ,Покупка,9,162.14,USD,1459.26,0.0,7.3,USD,2024-07-19 15:17:37,2024-07-22,417745822/373062195,,1,,88.0206,-128444.94,642.55,-129087.49
TSLQ.US,US46144X1239,NYSE/NASDAQ,Продажа,150,26.1914,USD,3928.71,81.96,19.64,USD,2024-07-19 16:52:05,2024-07-22,417768086/373104079,,1,,88.0206,345807.41,1728.72,344078.69
CRWD.US,US22788C1053,NYSE/NASDAQ,Покупка,10,300.97,USD,3009.7,0.0,15.05,USD,2024-07-19 15:17:37,2024-07-22,417745796/373062193,,1,,88.0206,-264915.60,1324.71,-266240.31
ARM.US,US0420682058,NYSE/NASDAQ,Покупка,34,162.05,USD,5509.7,0.0,27.55,USD,2024-07-19 15:17:37,2024-07-22,417745816/373062195,,1,,88.0206,-484967.10,2424.97,-487392.07
FNGU.US,US0636795348,NYSE/NASDAQ,Продажа,71,421.1327,USD,29900.42,-2907.29,149.5,USD,2024-07-24 15:30:11,2024-07-25,419211890/372719359,,1,,86.5502,2587887.33,12939.25,2574948.08
AMD.US,US0079031078,NYSE/NASDAQ,Продажа,151,145.492,USD,21969.29,-1491.59,109.85,USD,2024-07-24 21:28:22,2024-07-25,419274750/374245133,,1,,86.5502,1901446.44,9507.54,1891938.90
SMCI.US,US86800U3023,NYSE/NASDAQ,Продажа,40,752.203,USD,30088.12,-2511.88,150.44,USD,2024-07-24 15:56:18,2024-07-25,419223162/372719364,,1,,86.5502,2604132.80,13020.61,2591112.19
ARM.US,US0420682058,NYSE/NASDAQ,Продажа,145,150.9393,USD,21886.2,-1610.84,109.43,USD,2024-07-25 15:30:17,2024-07-26,419689075/374245138,,1,,85.41,1869300.34,9346.42,1859953.92
AVGO.US,US11135F1012,NYSE/NASDAQ,Продажа,105,149.4469,USD,15691.92,-740.58,78.46,USD,2024-07-25 15:32:12,2024-07-26,419690553/372719368,,1,,85.41,1340246.89,6701.27,1333545.62
MSFT.US,US5949181045,NYSE/NASDAQ,Продажа,76,429.354,USD,32630.9,-847.1,163.15,USD,2024-07-29 15:30:12,2024-07-30,420711599/374245144,,1,,86.5554,2824380.60,14121.51,2810259.09
FRHC.US,US3563901046,NYSE/NASDAQ,Продажа,539,86.49,USD,46618.11,2645.91,233.09,USD,2024-08-09 18:41:35,2024-08-12,425396065/379070149,,1,,87.992,4102020.74,20510.06,4081510.68
FRHC.US,US3563901046,NYSE/NASDAQ,Продажа,100,86.49,USD,8649.0,490.89,43.25,USD,2024-08-09 18:28:33,2024-08-12,425395067/379070149,,1,,87.992,761042.81,3805.65,757237.16
FRHC.US,US3563901046,NYSE/NASDAQ,Продажа,500,86.49,USD,43245.0,2454.46,216.23,USD,2024-08-09 18:41:35,2024-08-12,425396063/379070149,,1,,87.992,3805214.04,19026.51,3786187.53
FRHC.US,US3563901046,NYSE/NASDAQ,Продажа,300,86.49,USD,25947.0,1472.68,129.74,USD,2024-08-09 18:28:33,2024-08-12,425395066/379070149,,1,,87.992,2283128.42,11416.08,2271712.34
FRHC.US,US3563901046,NYSE/NASDAQ,Продажа,200,86.49,USD,17298.0,981.78,86.49,USD,2024-08-09 18:41:35,2024-08-12,425396057/379070149,,1,,87.992,1522085.62,7610.43,1514475.19
FRHC.US,US3563901046,NYSE/NASDAQ,Продажа,600,86.49,USD,51894.0,2945.35,259.47,USD,2024-08-09 18:41:35,2024-08-12,425396058/379070149,,1,,87.992,4566256.85,22831.28,4543425.57
VOO.US,US9229083632,NYSE/NASDAQ,Покупка,15,494.542,USD,7418.13,0.0,37.09,USD,2024-08-13 15:50:25,2024-08-14,426416185/379799415,,1,,92.6592,-687357.99,3436.73,-690794.72
MSFT.US,US5949181045,NYSE/NASDAQ,Покупка,12,413.09,USD,4957.08,0.0,24.79,USD,2024-08-13 18:04:10,2024-08-14,426444224/379856515,,1,,92.6592,-459319.07,2297.02,-461616.09
NKE.US,US6541061031,NYSE/NASDAQ,Продажа,20,78.1,USD,1562.0,41.82,7.81,USD,2024-08-13 17:46:00,2024-08-14,426441869/379850899,,1,,92.6592,144733.67,723.67,144010.00
AMZN.US,US0231351067,NYSE/NASDAQ,Покупка,32,176.106,USD,5635.39,0.0,28.18,USD,2024-08-15 15:57:08,2024-08-16,427405427/380561561,,1,,88.796,-500400.09,2502.27,-502902.36
GOOGL.US,US02079K3059,NYSE/NASDAQ,Покупка,36,164.428,USD,5919.41,0.0,29.6,USD,2024-08-16 16:28:52,2024-08-19,427912128/380957699,,1,,88.9062,-526272.25,2631.62,-528903.87
USD.US,US74347R6696,NYSE/NASDAQ,Покупка,64,125.2063,USD,8013.2,0.0,40.07,USD,2024-08-26 19:26:54,2024-08-27,431078236/383458741,,1,,91.7745,-735407.42,3677.40,-739084.82
USD.US,US74347R6696,NYSE/NASDAQ,Покупка,66,127.2565,USD,8398.93,0.0,41.99,USD,2024-08-27 17:02:44,2024-08-28,431551273/383796009,,1,,91.4807,-768340.00,3841.27,-772181.27
IVV.US,US4642872000,NYSE/NASDAQ,Покупка,14,564.8888,USD,7908.44,0.0,39.54,USD,2024-08-27 17:02:43,2024-08-28,431551270/383796007,,1,,91.4807,-723469.63,3617.15,-727086.78
AAPL.US,US0378331005,NYSE/NASDAQ,Покупка,35,227.928,USD,7977.48,0.0,39.89,USD,2024-08-27 16:46:47,2024-08-28,431548211/383789243,,1,,91.4807,-729785.45,3649.17,-733434.62
USD.US,US74347R6696,NYSE/NASDAQ,Продажа,66,118.944,USD,7850.3,-482.01,39.25,USD,2024-08-28 17:13:26,2024-08-29,432045400/383796010,,1,,91.4449,717869.90,3589.21,714280.69
SPUU.US,US25459Y1652,NYSE/NASDAQ,Покупка,42,136.7463,USD,5743.34,0.0,28.72,USD,2024-08-28 17:11:09,2024-08-29,432044401/384172436,,1,,91.4449,-525199.15,2626.30,-527825.45
USD.US,US74347R6696,NYSE/NASDAQ,Продажа,64,118.919,USD,7610.82,-469.0,38.05,USD,2024-08-28 17:13:24,2024-08-29,432045367/383458743,,1,,91.4449,695970.67,3479.48,692491.19
UPRO.US,US74347X8645,NYSE/NASDAQ,Покупка,115,81.65,USD,9389.75,0.0,46.95,USD,2024-08-29 17:26:39,2024-08-30,432544508/384569020,,1,,91.4548,-858737.71,4293.80,-863031.51
IVV.US,US4642872000,NYSE/NASDAQ,Покупка,16,565.1595,USD,9042.55,0.0,45.21,USD,2024-08-29 17:26:38,2024-08-30,432544504/384569015,,1,,91.4548,-826984.60,4134.67,-831119.27
UPRO.US,US74347X8645,NYSE/NASDAQ,Продажа,115,77.804,USD,8947.46,-442.29,44.74,USD,2024-09-03 20:02:08,2024-09-04,433707062/384569028,,1,,88.6118,792850.54,3964.49,788886.05
GOOGL.US,US02079K3059,NYSE/NASDAQ,Продажа,36,154.894,USD,5576.18,-343.22,27.88,USD,2024-09-06 15:51:49,2024-09-09,435182314/380957715,,1,,89.8225,500866.43,2504.25,498362.18
SPUU.US,US25459Y1652,NYSE/NASDAQ,Продажа,42,129.5855,USD,5442.59,-300.75,27.21,USD,2024-09-06 16:25:37,2024-09-09,435191075/384172446,,1,,89.8225,488867.04,2444.07,486422.97
UPRO.US,US74347X8645,NYSE/NASDAQ,Покупка,36,77.8496,USD,2802.59,0.0,14.01,USD,2024-09-12 15:32:57,2024-09-13,437281345/388266677,,1,,91.1096,-255342.85,1276.45,-256619.30
UPRO.US,US74347X8645,NYSE/NASDAQ,Покупка,216,77.8496,USD,16815.51,0.0,84.08,USD,2024-09-12 15:32:57,2024-09-13,437281347/388266677,,1,,91.1096,-1532054.39,7660.50,-1539714.89
AAPL.US,US0378331005,NYSE/NASDAQ,Продажа,35,215.764,USD,7551.74,-425.74,37.76,USD,2024-09-16 15:30:20,2024-09-17,438384870/383789252,,1,,91.1423,688282.95,3441.53,684841.42
MSFT.US,US5949181045,NYSE/NASDAQ,Продажа,12,432.724,USD,5192.69,235.61,25.96,USD,2024-09-18 16:47:44,2024-09-19,439434438/389880979,,1,,91.6712,476020.12,2379.78,473640.34
IVV.US,US4642872000,NYSE/NASDAQ,Продажа,30,566.424,USD,16992.72,41.72,84.96,USD,2024-09-18 16:47:45,2024-09-19,439434451/389880987,,1,,91.6712,1557743.03,7788.39,1549954.64
VOO.US,US9229083632,NYSE/NASDAQ,Продажа,15,517.7508,USD,7766.26,348.13,38.83,USD,2024-09-18 16:47:45,2024-09-19,439434449/389880983,,1,,91.6712,711942.37,3559.59,708382.78
AMZN.US,US0231351067,NYSE/NASDAQ,Продажа,32,187.284,USD,5993.09,357.7,29.97,USD,2024-09-18 16:47:44,2024-09-19,439434435/389880971,,1,,91.6712,549393.75,2747.39,546646.36
UPRO.US,US74347X8645,NYSE/NASDAQ,Продажа,252,81.3219,USD,20493.12,875.02,102.47,USD,2024-09-18 16:47:44,2024-09-19,439434447/389880982,,1,,91.6712,1878628.90,9393.55,1869235.35
SMH.US,US92189F6768,NYSE/NASDAQ,Покупка,56,240.29,USD,13456.24,0.0,67.28,USD,2024-09-19 15:32:09,2024-09-20,439939166/390240079,,1,,92.6962,-1247342.31,6236.60,-1253578.91
SOXL.US,US25459W4583,NYSE/NASDAQ,Покупка,434,35.4091,USD,15367.55,0.0,76.84,USD,2024-09-24 17:58:31,2024-09-25,441623649/391581726,,1,,92.8622,-1427064.50,7135.53,-1434200.03
SOXL.US,US25459W4583,NYSE/NASDAQ,Покупка,431,34.2598,USD,14765.97,0.0,73.83,USD,2024-09-24 16:03:18,2024-09-25,441597918/391530385,,1,,92.8622,-1371200.46,6856.02,-1378056.48
SOXL.US,US25459W4583,NYSE/NASDAQ,Покупка,502,35.9596,USD,18051.72,0.0,90.26,USD,2024-09-25 16:46:18,2024-09-26,442133760/391945356,,1,,92.388,-1667762.31,8338.94,-1676101.25
SOXL.US,US25459W4583,NYSE/NASDAQ,Продажа,1367,37.1518,USD,50786.51,2601.27,253.93,USD,2024-09-26 16:55:55,2024-09-27,442679821/392287231,,1,,92.4074,4693049.34,23465.01,4669584.33
XLK.US,US81369Y8030,NYSE/NASDAQ,Покупка,85,227.8283,USD,19365.41,0.0,96.83,USD,2024-09-26 15:36:37,2024-09-27,442646016/392305563,,1,,92.4074,-1789507.19,8947.81,-1798455.00
XLK.US,US81369Y8030,NYSE/NASDAQ,Покупка,2,227.8283,USD,455.66,0.0,2.28,USD,2024-09-26 15:36:37,2024-09-27,442646017/392305563,,1,,92.4074,-42106.36,210.69,-42317.05
SOXL.US,US25459W4583,NYSE/NASDAQ,Покупка,1488,39.86,USD,59311.68,0.0,296.56,USD,2024-09-27 15:32:18,2024-09-30,443192624/392712236,,1,,92.7126,-5498940.06,27494.85,-5526434.91
SOXL.US,US25459W4583,NYSE/NASDAQ,Продажа,1488,38.2103,USD,56856.93,-2454.75,284.28,USD,2024-09-27 16:33:02,2024-09-30,443213548/392712241,,1,,92.7126,5271353.81,26356.34,5244997.47
SMH.US,US92189F6768,NYSE/NASDAQ,Продажа,1,240.47,USD,240.47,0.18,1.2,USD,2024-10-01 16:09:27,2024-10-02,444354626/392287230,,1,,93.3581,22449.82,112.03,22337.79
SMH.US,US92189F6768,NYSE/NASDAQ,Продажа,54,240.46,USD,12984.84,9.18,64.92,USD,2024-10-01 16:09:27,2024-10-02,444354621/392287230,,1,,93.3581,1212239.99,6060.81,1206179.18
JD.US,US47215P1066,NYSE/NASDAQ,Продажа,30,42.16,USD,1264.8,201.3,6.32,USD,2024-10-01 19:08:30,2024-10-02,444394241/393694174,,1,,93.3581,118079.32,590.02,117489.30
SMH.US,US92189F6768,NYSE/NASDAQ,Продажа,1,240.47,USD,240.47,0.18,1.2,USD,2024-10-01 16:09:27,2024-10-02,444354596/392287230,,1,,93.3581,22449.82,112.03,22337.79
SPXL.US,US25459W8626,NYSE/NASDAQ,Покупка,97,159.454,USD,15467.04,0.0,77.34,USD,2024-10-02 16:34:15,2024-10-03,444919174/394041726,,1,,94.5054,-1461718.80,7309.05,-1469027.85
SOXL.US,US25459W4583,NYSE/NASDAQ,Покупка,477,36.3182,USD,17323.78,0.0,86.62,USD,2024-10-07 15:32:29,2024-10-08,446573360/395260057,,1,,96.0649,-1664207.19,8321.14,-1672528.33
FNGU.US,US0636795348,NYSE/NASDAQ,Покупка,41,419.1704,USD,17185.99,0.0,85.93,USD,2024-10-07 15:32:28,2024-10-08,446573345/395260042,,1,,96.0649,-1650970.41,8254.86,-1659225.27
TQQQ.US,US74347X8314,NYSE/NASDAQ,Покупка,243,71.0797,USD,17272.37,0.0,86.36,USD,2024-10-07 15:32:29,2024-10-08,446573347/395260044,,1,,96.0649,-1659268.50,8296.16,-1667564.66
UPRO.US,US74347X8645,NYSE/NASDAQ,Покупка,204,84.5555,USD,17249.32,0.0,86.25,USD,2024-10-07 15:32:30,2024-10-08,446573368/395260060,,1,,96.0649,-1657054.20,8285.60,-1665339.80
FNGU.US,US0636795348,NYSE/NASDAQ,Покупка,28,422.12,USD,11819.36,0.0,59.1,USD,2024-10-08 19:30:26,2024-10-09,447228969/395827181,,1,,96.1079,-1135933.87,5679.98,-1141613.85
TMF.US,US25460G1388,NYSE/NASDAQ,Покупка,227,52.2398,USD,11858.43,0.0,59.29,USD,2024-10-08 19:30:27,2024-10-09,447228978/395827195,,1,,96.1079,-1139688.80,5698.24,-1145387.04
SOXL.US,US25459W4583,NYSE/NASDAQ,Покупка,320,36.81,USD,11779.2,0.0,58.9,USD,2024-10-08 19:30:27,2024-10-09,447228977/395827193,,1,,96.1079,-1132074.18,5660.76,-1137734.94
TQQQ.US,US74347X8314,NYSE/NASDAQ,Покупка,166,71.565,USD,11879.79,0.0,59.4,USD,2024-10-08 19:30:27,2024-10-09,447228985/395827196,,1,,96.1079,-1141741.67,5708.81,-1147450.48
UPRO.US,US74347X8645,NYSE/NASDAQ,Покупка,140,84.6294,USD,11848.12,0.0,59.24,USD,2024-10-08 19:30:26,2024-10-09,447228968/395827189,,1,,96.1079,-1138697.93,5693.43,-1144391.36
TMF.US,US25460G1388,NYSE/NASDAQ,Продажа,227,49.312,USD,11193.82,-664.61,55.97,USD,2024-10-14 15:30:09,2024-10-15,449548516/395827184,,1,,96.1021,1075749.61,5378.83,1070370.78
SOXL.US,US25459W4583,NYSE/NASDAQ,Продажа,477,34.1703,USD,16299.23,-1118.74,81.5,USD,2024-10-15 21:07:30,2024-10-16,449835075/395260043,,1,,97.0121,1581222.53,7906.49,1573316.04
SOXL.US,US25459W4583,NYSE/NASDAQ,Продажа,320,35.29,USD,11292.8,-392.21,56.46,USD,2024-10-15 16:41:01,2024-10-16,449778388/395827182,,1,,97.0121,1095538.24,5477.30,1090060.94
LUNR.US,US46125A1007,NYSE/NASDAQ,Покупка,436,8.4,USD,3662.4,0.0,18.31,USD,2024-10-17 21:29:20,2024-10-18,450947162/398591938,,1,,97.149,-355798.50,1778.80,-357577.30
LUNR.US,US46125A1007,NYSE/NASDAQ,Покупка,64,8.4,USD,537.6,0.0,2.69,USD,2024-10-17 21:29:20,2024-10-18,450947163/398591938,,1,,97.149,-52227.30,261.33,-52488.63
META.US,US30303M1027,NYSE/NASDAQ,Покупка,24,576.812,USD,13843.49,0.0,69.22,USD,2024-10-22 16:20:40,2024-10-23,452647514/399822136,,1,,96.5918,-1337167.62,6686.08,-1343853.70
FFSPC2.0926.AIX.KZ,KZX000002803,AIX,Покупка,20,100.85,USD,2038.58,0.0,2.04,USD,2024-10-21 08:30:23,2024-10-23,451998509/398911452,,0,,96.5918,-196910.11,197.05,-197107.16
UPRO.US,US74347X8645,NYSE/NASDAQ,Продажа,344,88.85,USD,30564.4,1466.96,152.82,USD,2024-10-22 16:42:39,2024-10-23,452652384/399832178,,1,,96.5918,2952270.41,14761.16,2937509.25
MSFT.US,US5949181045,NYSE/NASDAQ,Покупка,4,427.4,USD,1709.6,0.0,8.55,USD,2024-10-22 16:20:41,2024-10-23,452647512/399822147,,1,,96.5918,-165133.34,825.86,-165959.20
MSFT.US,US5949181045,NYSE/NASDAQ,Покупка,28,427.4,USD,11967.2,0.0,59.84,USD,2024-10-22 16:20:41,2024-10-23,452647521/399822147,,1,,96.5918,-1155933.39,5780.05,-1161713.44
FNGU.US,US0636795348,NYSE/NASDAQ,Продажа,69,461.4,USD,31836.6,2831.25,159.18,USD,2024-10-22 16:52:42,2024-10-23,452654475/399836945,,1,,96.5918,3075154.50,15375.48,3059779.02
HIMS.US,US4330001060,NYSE/NASDAQ,Покупка,499,23.1286,USD,11541.17,0.0,57.71,USD,2024-10-28 21:44:29,2024-10-29,454954452/401500714,,1,,97.23,-1122147.96,5611.14,-1127759.10
TQQQ.US,US74347X8314,NYSE/NASDAQ,Покупка,157,75.81,USD,11902.17,0.0,59.51,USD,2024-10-28 15:34:57,2024-10-29,454872204/401391563,,1,,97.23,-1157247.99,5786.16,-1163034.15
SOXL.US,US25459W4583,NYSE/NASDAQ,Покупка,120,35.33,USD,4239.6,0.0,21.2,USD,2024-10-28 15:34:44,2024-10-29,454872098/401391549,,1,,97.23,-412216.31,2061.28,-414277.59
SOXL.US,US25459W4583,NYSE/NASDAQ,Покупка,217,35.329,USD,7666.39,0.0,38.33,USD,2024-10-28 15:34:44,2024-10-29,454872097/401391549,,1,,97.23,-745403.10,3726.83,-749129.93
TQQQ.US,US74347X8314,NYSE/NASDAQ,Продажа,566,70.9103,USD,40135.23,-919.1,200.68,USD,2024-10-31 16:00:23,2024-11-01,456628134/401796737,,1,,97.0226,3894024.37,19470.50,3874553.87
SOXL.US,US25459W4583,NYSE/NASDAQ,Продажа,337,32.65,USD,11003.05,-902.94,55.02,USD,2024-10-31 15:30:24,2024-11-01,456612324/401796735,,1,,97.0226,1067544.52,5338.18,1062206.34
SPXL.US,US25459W8626,NYSE/NASDAQ,Продажа,97,159.116,USD,15434.25,-32.79,77.17,USD,2024-10-31 17:01:53,2024-11-01,456650323/401796736,,1,,97.0226,1497471.06,7487.23,1489983.83
HIMS.US,US4330001060,NYSE/NASDAQ,Покупка,150,20.3782,USD,3056.73,0.0,15.28,USD,2024-11-05 16:48:54,2024-11-06,458349175/404001617,,1,,98.0562,-299731.33,1498.30,-301229.63
TLT.US,US4642874329,NYSE/NASDAQ,Покупка,50,91.128,USD,4556.4,0.0,22.78,USD,2024-11-07 20:17:36,2024-11-08,459545035/404957433,,1,,98.0726,-446857.99,2234.09,-449092.08
LMND.US,US52567D1072,NYSE/NASDAQ,Продажа,406,27.005,USD,10964.03,1293.11,54.82,USD,2024-11-07 18:59:47,2024-11-08,459531375/404944680,,1,,98.0726,1075270.93,5376.34,1069894.59
CRWD.US,US22788C1053,NYSE/NASDAQ,Продажа,78,325.98,USD,25426.44,1949.62,127.13,USD,2024-11-07 20:01:14,2024-11-08,459542533/404898746,,1,,98.0726,2493637.08,12467.97,2481169.11
GBTC.US,US3896371099,NYSE/NASDAQ,Покупка,150,67.38,USD,10107.0,0.0,50.54,USD,2024-11-11 19:07:13,2024-11-12,460791659/405830765,,1,,97.955,-990031.19,4950.65,-994981.84
HIMS.US,US4330001060,NYSE/NASDAQ,Покупка,250,19.6487,USD,4912.18,0.0,24.56,USD,2024-11-15 19:12:18,2024-11-18,462619307/407379481,,1,,99.9971,-491203.75,2455.93,-493659.68
META.US,US30303M1027,NYSE/NASDAQ,Продажа,24,549.278,USD,13182.67,-660.82,65.91,USD,2024-11-21 17:37:41,2024-11-22,464899818/401796733,,1,,100.6798,1327228.58,6635.81,1320592.77
OKLO.US,US02156V1098,NYSE/NASDAQ,Покупка,100,25.4,USD,2540.0,0.0,12.7,USD,2024-11-22 20:33:29,2024-11-25,465485642/409557579,,1,,102.5761,-260543.29,1302.72,-261846.01
OKLO.US,US02156V1098,NYSE/NASDAQ,Покупка,100,25.2,USD,2520.0,0.0,12.6,USD,2024-11-22 22:40:28,2024-11-25,465498059/409571489,,1,,102.5761,-258491.77,1292.46,-259784.23
ETHA.US,US46438R1059,NYSE/NASDAQ,Покупка,200,27.495,USD,5499.0,0.0,27.5,USD,2024-11-27 22:52:29,2024-11-29,467271470/410857060,,1,,109.5782,-602570.52,3013.40,-605583.92
ETHA.US,US46438R1059,NYSE/NASDAQ,Покупка,99,27.495,USD,2722.01,0.0,13.61,USD,2024-11-27 22:52:29,2024-11-29,467271472/410857060,,1,,109.5782,-298272.96,1491.36,-299764.32
ETHA.US,US46438R1059,NYSE/NASDAQ,Покупка,200,27.495,USD,5499.0,0.0,27.5,USD,2024-11-27 22:52:29,2024-11-29,467271467/410857060,,1,,109.5782,-602570.52,3013.40,-605583.92
MSFT.US,US5949181045,NYSE/NASDAQ,Продажа,32,445.65,USD,14260.8,584.0,71.3,USD,2024-12-10 19:56:40,2024-12-11,472016159/415018400,,1,,100.0324,1426542.05,7132.31,1419409.74
GOOG.US,US02079K1079,NYSE/NASDAQ,Покупка,50,186.2,USD,9310.0,0.0,46.55,USD,2024-12-10 16:53:30,2024-12-11,471966452/414859859,,1,,100.0324,-931301.64,4656.51,-935958.15
ONDS.US,US68236H2040,NYSE/NASDAQ,Покупка,100,2.07,USD,207.0,0.0,1.2,USD,2024-12-24 14:11:04,2024-12-26,477890125/419150982,,1,,99.6125,-20619.79,119.54,-20739.33
XLK.US,US81369Y8030,NYSE/NASDAQ,Продажа,76,240.98,USD,18314.48,999.53,91.57,USD,2024-12-26 21:43:01,2024-12-27,478563030/419827444,,1,,99.2295,1817336.69,9086.45,1808250.24
HIMS.US,US4330001060,NYSE/NASDAQ,Продажа,799,29.05,USD,23210.95,5871.07,116.05,USD,2024-12-26 22:06:11,2024-12-27,478564875/419827543,,1,,99.2295,2303210.96,11515.58,2291695.38
XLK.US,US81369Y8030,NYSE/NASDAQ,Продажа,11,240.98,USD,2650.78,144.67,13.25,USD,2024-12-26 21:42:53,2024-12-27,478563016/419827444,,1,,99.2295,263035.57,1314.79,261720.78
HIMS.US,US4330001060,NYSE/NASDAQ,Продажа,100,29.05,USD,2905.0,734.8,14.53,USD,2024-12-26 22:06:09,2024-12-27,478564870/419827543,,1,,99.2295,288261.70,1441.80,286819.90
LUNR.US,US46125A1007,NYSE/NASDAQ,Продажа,4,18.3,USD,73.2,39.6,1.2,USD,2024-12-30 14:27:14,2024-12-31,479680783/420696961,,1,,101.6797,7442.95,122.02,7320.93
LUNR.US,US46125A1007,NYSE/NASDAQ,Продажа,130,18.3,USD,2379.0,1287.0,11.9,USD,2024-12-30 14:29:02,2024-12-31,479680889/420696961,,1,,101.6797,241896.01,1209.99,240686.02
LUNR.US,US46125A1007,NYSE/NASDAQ,Продажа,5,18.3,USD,91.5,49.5,1.2,USD,2024-12-30 14:29:35,2024-12-31,479680918/420696961,,1,,101.6797,9303.69,122.02,9181.67
LUNR.US,US46125A1007,NYSE/NASDAQ,Продажа,3,18.3,USD,54.9,29.7,1.2,USD,2024-12-30 16:31:00,2024-12-31,479693797/420696961,,1,,101.6797,5582.22,122.02,5460.20
LUNR.US,US46125A1007,NYSE/NASDAQ,Продажа,358,18.3,USD,6551.4,3544.2,32.76,USD,2024-12-30 14:24:52,2024-12-31,479680608/420696961,,1,,101.6797,666144.39,3331.03,662813.36
